{"IcoMoonType":"selection","icons":[{"icon":{"paths":["M512 310.857v256c0 10.286-8 18.286-18.286 18.286h-182.857c-10.286 0-18.286-8-18.286-18.286v-36.571c0-10.286 8-18.286 18.286-18.286h128v-201.143c0-10.286 8-18.286 18.286-18.286h36.571c10.286 0 18.286 8 18.286 18.286zM749.714 512c0-171.429-139.429-310.857-310.857-310.857s-310.857 139.429-310.857 310.857 139.429 310.857 310.857 310.857 310.857-139.429 310.857-310.857zM877.714 512c0 242.286-196.571 438.857-438.857 438.857s-438.857-196.571-438.857-438.857 196.571-438.857 438.857-438.857 438.857 196.571 438.857 438.857z"],"width":877.7142857142857,"attrs":[],"isMulticolor":false,"isMulticolor2":false,"tags":["clock-o"],"defaultCode":61463,"grid":14},"attrs":[],"properties":{"name":"clock-o","id":26,"order":8,"prevSize":28,"code":61463},"setIdx":0,"setId":2,"iconIdx":26},{"icon":{"paths":["M438.857 365.714c0-80.571-65.714-146.286-146.286-146.286s-146.286 65.714-146.286 146.286 65.714 146.286 146.286 146.286 146.286-65.714 146.286-146.286zM585.143 365.714c0 34.857-4 70.857-18.857 102.286l-208 442.286c-12 25.143-38.286 40.571-65.714 40.571s-53.714-15.429-65.143-40.571l-208.571-442.286c-14.857-31.429-18.857-67.429-18.857-102.286 0-161.714 130.857-292.571 292.571-292.571s292.571 130.857 292.571 292.571z"],"width":585.1428571428571,"attrs":[],"isMulticolor":false,"isMulticolor2":false,"tags":["map-marker"],"defaultCode":61505,"grid":14},"attrs":[],"properties":{"name":"map-marker","id":65,"order":3,"prevSize":28,"code":61505},"setIdx":0,"setId":2,"iconIdx":65},{"icon":{"paths":["M548 6.857v150.857h-89.714c-70.286 0-83.429 33.714-83.429 82.286v108h167.429l-22.286 169.143h-145.143v433.714h-174.857v-433.714h-145.714v-169.143h145.714v-124.571c0-144.571 88.571-223.429 217.714-223.429 61.714 0 114.857 4.571 130.286 6.857z"],"width":602.2582857142856,"attrs":[],"isMulticolor":false,"isMulticolor2":false,"tags":["facebook","facebook-f"],"defaultCode":61594,"grid":14},"attrs":[],"properties":{"name":"facebook, facebook-f","id":146,"order":9,"prevSize":28,"code":61594},"setIdx":0,"setId":2,"iconIdx":146},{"icon":{"paths":["M265.143 804.571c0-25.143-20.571-45.714-45.714-45.714s-45.714 20.571-45.714 45.714 20.571 45.714 45.714 45.714 45.714-20.571 45.714-45.714zM384 713.143v-402.286c0-9.714-8.571-18.286-18.286-18.286h-292.571c-9.714 0-18.286 8.571-18.286 18.286v402.286c0 9.714 8.571 18.286 18.286 18.286h292.571c9.714 0 18.286-8.571 18.286-18.286zM274.286 228.571c0-5.143-4-9.143-9.143-9.143h-91.429c-5.143 0-9.143 4-9.143 9.143s4 9.143 9.143 9.143h91.429c5.143 0 9.143-4 9.143-9.143zM438.857 219.429v585.143c0 40-33.143 73.143-73.143 73.143h-292.571c-40 0-73.143-33.143-73.143-73.143v-585.143c0-40 33.143-73.143 73.143-73.143h292.571c40 0 73.143 33.143 73.143 73.143z"],"width":438.85714285714283,"attrs":[],"isMulticolor":false,"isMulticolor2":false,"tags":["mobile","mobile-phone"],"defaultCode":61707,"grid":14},"attrs":[],"properties":{"name":"mobile, mobile-phone","id":240,"order":6,"prevSize":28,"code":61707},"setIdx":0,"setId":2,"iconIdx":240}],"height":1024,"metadata":{"name":"icomoon"},"preferences":{"showGlyphs":true,"showQuickUse":true,"showQuickUse2":true,"showSVGs":true,"fontPref":{"prefix":"icon-","metadata":{"fontFamily":"icomoon","majorVersion":1,"minorVersion":0},"metrics":{"emSize":1024,"baseline":6.25,"whitespace":50},"embed":false,"showSelector":true,"selector":"i","noie8":true,"ie7":false},"imagePref":{"prefix":"icon-","png":true,"useClassSelector":true,"color":0,"bgColor":16777215,"classSelector":".icon","name":"icomoon"},"historySize":50,"showCodes":true,"gridSize":16,"showLiga":true}}